rmse,mae,r_squared,coverage,valid_points,total_points,method,computation_time
0.010212403969124697,0.0052972258188707525,0.8447247607869046,1.0,30,30,Linear Griddata,0.01211690902709961
0.00798315877614847,0.003736910978654312,0.9051153916117983,1.0,30,30,Cubic Griddata,0.0064008235931396484
0.007593576119265447,0.004045637177037398,0.9141502693334895,1.0,30,30,RBF Thin Plate,0.008666038513183594
0.007486697999254381,0.003690534324604507,0.916549899303353,1.0,30,30,RBF Cubic,0.0058879852294921875
0.010212403969124697,0.0052972258188707525,0.8447247607869046,1.0,30,30,Bilinear,0.0064868927001953125
0.00798315877614847,0.003736910978654312,0.9051153916117983,1.0,30,30,Adaptive (Cubic Griddata),0.0063250064849853516
